timeStamp,elapsed,label,responseCode,responseMessage,threadName,dataType,success,failureMessage,bytes,sentBytes,grpThreads,allThreads,URL,Latency,IdleTime,Connect
1.66E+12,2728,HTTP Request,200,OK,MultiListeners 1-1,text,TRUE,,73064,292,3,3,https://www.orangehrm.com/features/hr-administration/,811,0,544
1.66E+12,811,HTTP Request-0,301,Moved Permanently,MultiListeners 1-1,text,TRUE,,2382,144,3,3,https://orangehrm.com/features/hr-administration/,811,0,544
1.66E+12,1916,HTTP Request-1,200,OK,MultiListeners 1-1,text,TRUE,,70682,148,3,3,https://www.orangehrm.com/features/hr-administration/,1111,0,549
1.66E+12,2663,HTTP Request,200,OK,MultiListeners 1-2,text,TRUE,,73064,292,3,3,https://www.orangehrm.com/features/hr-administration/,767,0,519
1.66E+12,767,HTTP Request-0,301,Moved Permanently,MultiListeners 1-2,text,TRUE,,2382,144,3,3,https://orangehrm.com/features/hr-administration/,767,0,519
1.66E+12,1895,HTTP Request-1,200,OK,MultiListeners 1-2,text,TRUE,,70682,148,3,3,https://www.orangehrm.com/features/hr-administration/,1136,0,550
1.66E+12,2655,HTTP Request,200,OK,MultiListeners 1-3,text,TRUE,,73064,292,3,3,https://www.orangehrm.com/features/hr-administration/,785,0,536
1.66E+12,785,HTTP Request-0,301,Moved Permanently,MultiListeners 1-3,text,TRUE,,2382,144,3,3,https://orangehrm.com/features/hr-administration/,785,0,536
1.66E+12,1870,HTTP Request-1,200,OK,MultiListeners 1-3,text,TRUE,,70682,148,3,3,https://www.orangehrm.com/features/hr-administration/,1370,0,523
1.66E+12,2550,HTTP Request,200,OK,MultiListeners 1-4,text,TRUE,,73064,292,2,2,https://www.orangehrm.com/features/hr-administration/,766,0,519
1.66E+12,766,HTTP Request-0,301,Moved Permanently,MultiListeners 1-4,text,TRUE,,2382,144,2,2,https://orangehrm.com/features/hr-administration/,766,0,519
1.66E+12,1783,HTTP Request-1,200,OK,MultiListeners 1-4,text,TRUE,,70682,148,2,2,https://www.orangehrm.com/features/hr-administration/,1046,0,518
1.66E+12,2627,HTTP Request,200,OK,MultiListeners 1-5,text,TRUE,,73064,292,1,1,https://www.orangehrm.com/features/hr-administration/,785,0,529
1.66E+12,785,HTTP Request-0,301,Moved Permanently,MultiListeners 1-5,text,TRUE,,2382,144,1,1,https://orangehrm.com/features/hr-administration/,785,0,529
1.66E+12,1841,HTTP Request-1,200,OK,MultiListeners 1-5,text,TRUE,,70682,148,1,1,https://www.orangehrm.com/features/hr-administration/,1116,0,544
